VRP,,ADA,-44.718083,167.852278,,,NZ,VFR
VRP,,ADDINGTON RACECOURSE,-43.543056,172.598889,,,NZ,VFR
VRP,,ADELAIDE,-44.731528,168.019806,,,NZ,VFR
VRP,,ADELE ISLAND,-40.976611,173.068194,,,NZ,VFR
VRP,,AFTON BURN SADDLE,-45.157139,168.400056,,,NZ,VFR
VRP,,ALABASTER,-44.495833,168.177639,,,NZ,VFR
VRP,,ALEX KNOB,-43.427778,170.151194,,,NZ,VFR
VRP,,ALLANTON,-45.919139,170.263,,,NZ,VFR
VRP,,ALMER HUTT,-43.474444,170.207583,,,NZ,VFR
VRP,,AMBERLEY BEACH,-43.176111,172.777639,,,NZ,VFR
VRP,,AOKAUTERE,-40.365111,175.663833,,,NZ,VFR
VRP,,ARMADILLO,-43.546389,170.417889,,,NZ,VFR
VRP,,ARUNDEL PONDS,-43.982417,171.306639,,,NZ,VFR
VRP,,ASHHURST,-40.288611,175.755139,,,NZ,VFR
VRP,,ASHLEY,-43.281667,172.722083,,,NZ,VFR
VRP,,ATHENREE,-37.448222,175.969083,,,NZ,VFR
VRP,,AVALON,-41.184944,174.9435,,,NZ,VFR
VRP,,AVONDALE RACECOURSE,-36.898194,174.690167,,,NZ,VFR
VRP,,AWARUA,-46.49175,168.385333,,,NZ,VFR
VRP,,AWARUA POINT,-44.26,168.051722,,,NZ,VFR
VRP,,AWATERE RIVER MOUTH,-41.606917,174.166,,,NZ,VFR
VRP,,AWATOTO,-39.553528,176.922417,,,NZ,VFR
VRP,,AYLESBURY,-43.530278,172.267611,,,NZ,VFR
VRP,,BANNOCKBURN,-45.0895,169.161278,,,NZ,VFR
VRP,,BARING,-41.409667,174.867667,,,NZ,VFR
VRP,,BARTLETTS,-38.84075,177.898,,,NZ,VFR
VRP,,BAUMANN GLACIER,-43.467222,170.153694,,,NZ,VFR
VRP,,BAYONET PEAK,-45.1625,168.685861,,,NZ,VFR
VRP,,BEACH MOTOR CAMP,-37.695333,176.282667,,,NZ,VFR
VRP,,BEETHAM,-43.563889,170.253972,,,NZ,VFR
VRP,,BELFAST OVERPASS,-43.454222,172.644417,,,NZ,VFR
VRP,,BELL BLOCK OVERPASS,-39.036972,174.142306,,,NZ,VFR
VRP,,BELMONT HILL,-41.183556,174.874056,,,NZ,VFR
VRP,,BEN LOMOND,-45.006972,168.615333,,,NZ,VFR
VRP,,BENCH ISLAND,-46.907778,168.239194,,,NZ,VFR
VRP,,BENNETTS HILL,-40.975556,175.754722,,,NZ,VFR
VRP,,BERWICK,-45.946556,170.101083,,,NZ,VFR
VRP,,BIG GLORY BAY,-46.990194,168.097722,,,NZ,VFR
VRP,,BIG LAGOON,-46.352833,168.174722,,,NZ,VFR
VRP,,BIG MAC,-43.546944,170.12925,,,NZ,VFR
VRP,,BILLY BURN,-45.035028,167.853389,,,NZ,VFR
VRP,,BLACK GORGE,-45.012694,168.385667,,,NZ,VFR
VRP,,BLACK HEAD,-45.931111,170.431944,,,NZ,VFR
VRP,,BLIGH,-44.753361,167.496722,,,NZ,VFR
VRP,,BLOCKHOUSE BAY,-36.926,174.706861,,,NZ,VFR
VRP,,BLUE GUM BAY,-37.579444,176.072333,,,NZ,VFR
VRP,,BLUE LAKES,-43.694444,170.164806,,,NZ,VFR
VRP,,BLUFF,-46.597806,168.331333,,,NZ,VFR
VRP,,BOAT HARBOUR,-38.686833,176.064361,,,NZ,VFR
VRP,,BOBS COVE,-45.072667,168.513306,,,NZ,VFR
VRP,,BOULDER,-41.203,173.323194,,,NZ,VFR
VRP,,BRAEMAR DOME,-43.853333,170.297306,,,NZ,VFR
VRP,,BRANFORD,-41.273972,173.295667,,,NZ,VFR
VRP,,BREAKSEA,-47.118417,168.206917,,,NZ,VFR
VRP,,BREAMTAIL HEAD,-36.048194,174.583528,,,NZ,VFR
VRP,,BRIDGE,-43.413,172.51425,,,NZ,VFR
VRP,,BRIGHTON,-45.948389,170.333417,,,NZ,VFR
VRP,,BRIGHTWATER,-41.376611,173.101528,,,NZ,VFR
VRP,,BROOKBY,-36.986611,174.994056,,,NZ,VFR
VRP,,BRUNSWICK SUBSTATION,-39.869842,175.050692,,,NZ,VFR
VRP,,BUNGY BRIDGE,-45.008639,168.900056,,,NZ,VFR
VRP,,BUNNYTHORPE SUBSTATION,-40.2805,175.637944,,,NZ,VFR
VRP,,BURKES PASS,-44.09,170.600917,,,NZ,VFR
VRP,,BURNHAM CAMP,-43.618333,172.303444,,,NZ,VFR
VRP,,BURNSIDE PARK,-43.505472,172.565611,,,NZ,VFR
VRP,,BURNT HILL,-43.379472,172.136722,,,NZ,VFR
VRP,,BUSHY POINT,-46.452833,168.326167,,,NZ,VFR
VRP,,CABLEWAY,-37.291667,175.127472,,,NZ,VFR
VRP,,CALLERY MOUTH,-43.3975,170.183139,,,NZ,VFR
VRP,,CAMBRIDGE,-37.894806,175.47,,,NZ,VFR
VRP,,CAMERON BRIDGE,-44.223361,170.050083,,,NZ,VFR
VRP,,CAPE RODNEY,-36.281528,174.816861,,,NZ,VFR
VRP,,CAPE SOUCIS,-41.051056,173.593472,,,NZ,VFR
VRP,,CARDRONA TOWNSHIP,-44.882167,169.003611,,,NZ,VFR
VRP,,CASTLECLIFF,-39.922117,174.962378,,,NZ,VFR
VRP,,CATSEYE BAY,-44.814944,167.394722,,,NZ,VFR
VRP,,CHANCELLOR HUTT,-43.510278,170.108417,,,NZ,VFR
VRP,,CHASM,-44.721806,167.947139,,,NZ,VFR
VRP,,CHELTENHAM,-40.138194,175.660611,,,NZ,VFR
VRP,,CHERTSEY,-43.802222,171.935111,,,NZ,VFR
VRP,,CHIP MILL,-41.3205,173.16625,,,NZ,VFR
VRP,,CLARKS BEACH,-37.135583,174.697611,,,NZ,VFR
VRP,,CLARKS JUNCTION,-45.726167,170.047583,,,NZ,VFR
VRP,,CLENDON PARK,-37.029306,174.853806,,,NZ,VFR
VRP,,CLEVEDON,-36.991444,175.037417,,,NZ,VFR
VRP,,CLINTON FORKS,-44.882528,167.888389,,,NZ,VFR
VRP,,CLIVE,-39.584917,176.91325,,,NZ,VFR
VRP,,CLYDE DAM,-45.179194,169.30675,,,NZ,VFR
VRP,,CLYDEVALE,-46.102278,169.527861,,,NZ,VFR
VRP,,COALPIT SADDLE,-45.06075,168.944389,,,NZ,VFR
VRP,,CODFISH,-46.760778,167.588444,,,NZ,VFR
VRP,,COLLINS BAY,-45.119194,168.683389,,,NZ,VFR
VRP,,COLYTON,-40.226111,175.647056,,,NZ,VFR
VRP,,CONE ROCK,-43.498333,170.042861,,,NZ,VFR
VRP,,COOK SADDLE,-43.447778,170.04425,,,NZ,VFR
VRP,,CORINGA,-43.461944,172.491778,,,NZ,VFR
VRP,,CORNWALLIS,-37.011722,174.605139,,,NZ,VFR
VRP,,COROMANDEL TOWN,-36.755694,175.500833,,,NZ,VFR
VRP,,CORONET PEAK,-44.915889,168.739722,,,NZ,VFR
VRP,,CREIGHTON SADDLE,-45.001694,168.491722,,,NZ,VFR
VRP,,CROWN SADDLE,-44.993694,168.931056,,,NZ,VFR
VRP,,CUST,-43.310889,172.381694,,,NZ,VFR
VRP,,DACRE,-46.318667,168.621167,,,NZ,VFR
VRP,,DALE POINT,-44.599194,167.816722,,,NZ,VFR
VRP,,DARWIN CORNER,-43.531667,170.300083,,,NZ,VFR
VRP,,DASHWOOD PASS,-41.608083,174.053806,,,NZ,VFR
VRP,,DAVIS SNOWFIELD,-43.515,170.21675,,,NZ,VFR
VRP,,DE LA BECHE RIDGE,-43.525833,170.25925,,,NZ,VFR
VRP,,DEEP COVE,-45.465833,167.16175,,,NZ,VFR
VRP,,DEER PARK,-45.040583,168.723667,,,NZ,VFR
VRP,,DEVILS STAIRCASE,-45.247694,168.744444,,,NZ,VFR
VRP,,DIP FLAT,-41.8925,172.919861,,,NZ,VFR
VRP,,DOMES,-41.575,173.740556,,,NZ,VFR
VRP,,DONNE,-44.691889,168.039,,,NZ,VFR
VRP,,DOUBLE CONE,-45.071639,168.807778,,,NZ,VFR
VRP,,DOUGHBOY BAY,-47.043917,167.712917,,,NZ,VFR
VRP,,DOVEDALE,-41.286556,172.893528,,,NZ,VFR
VRP,,DRURY,-37.10375,174.947139,,,NZ,VFR
VRP,,DUMPLING,-44.768361,167.764778,,,NZ,VFR
VRP,,DUNSANDEL,-43.659722,172.194556,,,NZ,VFR
VRP,,EAST CAPE,-47.015222,168.228667,,,NZ,VFR
VRP,,EAST JUNCTION,-37.714167,176.280972,,,NZ,VFR
VRP,,EASTERN RIDGE,-44.708611,169.363056,,,NZ,VFR
VRP,,EASY HARBOUR,-47.149333,167.572278,,,NZ,VFR
VRP,,EDENDALE,-46.310889,168.785056,,,NZ,VFR
VRP,,EDWARDS ISLAND,-46.836083,168.217667,,,NZ,VFR
VRP,,EGMONT VILLAGE,-39.145611,174.145056,,,NZ,VFR
VRP,,ELFIN BAY,-44.953361,168.360056,,,NZ,VFR
VRP,,ESKDALE,-39.388111,176.82175,,,NZ,VFR
VRP,,EYRE JUNCTION,-43.433028,172.538444,,,NZ,VFR
VRP,,FEILDING,-40.195972,175.570833,,,NZ,VFR
VRP,,FERINTOSH,-43.959194,170.127667,,,NZ,VFR
VRP,,FERNHILL,-39.587444,176.761,,,NZ,VFR
VRP,,FLAGS,-43.386528,172.211722,,,NZ,VFR
VRP,,FLOOD BURN,-44.735333,168.616333,,,NZ,VFR
VRP,,FORDELL,-39.960472,175.204333,,,NZ,VFR
VRP,,FOX TERMINAL,-43.501111,170.059528,,,NZ,VFR
VRP,,FRANZ JOSEF CAR PARK,-43.428611,170.167861,,,NZ,VFR
VRP,,FRANZ TERMINAL,-43.445556,170.173417,,,NZ,VFR
VRP,,FRASER DAM,-45.206972,169.21425,,,NZ,VFR
VRP,,FRESHWATER RIVER,-46.899556,167.967083,,,NZ,VFR
VRP,,GEIKIE SNOWFIELD,-43.486667,170.250083,,,NZ,VFR
VRP,,GERMAN HILL,-39.186028,174.132389,,,NZ,VFR
VRP,,GERTRUDE,-44.742528,168.011444,,,NZ,VFR
VRP,,GLENBROOK,-37.206528,174.729611,,,NZ,VFR
VRP,,GOAT HILL,-41.4105,173.182639,,,NZ,VFR
VRP,,GODLEY LAKES,-43.493056,170.489556,,,NZ,VFR
VRP,,GOLDEN MILL,-41.506444,172.856139,,,NZ,VFR
VRP,,GORDONTON,-37.670389,175.305056,,,NZ,VFR
VRP,,GRAND PLATEAU,-43.586667,170.167861,,,NZ,VFR
VRP,,GREEN LAKE,-38.2085,176.345472,,,NZ,VFR
VRP,,GREEN SHED,-37.224167,175.031111,,,NZ,VFR
VRP,,GRENADA,-41.182472,174.835722,,,NZ,VFR
VRP,,GREYS BUSH,-38.595611,177.958417,,,NZ,VFR
VRP,,GULLIVER,-44.7075,167.984472,,,NZ,VFR
VRP,,GULLY,-45.083444,168.621083,,,NZ,VFR
VRP,,GWAVAS,-39.729917,176.444361,,,NZ,VFR
VRP,,HALCOMBE,-40.148028,175.495111,,,NZ,VFR
VRP,,HALFWAY BAY,-45.196056,168.697111,,,NZ,VFR
VRP,,HAMILTON LAKE,-37.798494,175.273756,,,NZ,VFR
VRP,,HAMURANA,-38.033333,176.255056,,,NZ,VFR
VRP,,HAPARANGI,-38.238083,176.202,,,NZ,VFR
VRP,,HARBOUR ENTRANCE,-41.345778,174.836556,,,NZ,VFR
VRP,,HATEPE,-38.852417,176.011583,,,NZ,VFR
VRP,,HAUHUNGATAHI,-39.229361,175.444083,,,NZ,VFR
VRP,,HAUMOANA,-39.604083,176.944528,,,NZ,VFR
VRP,,HAUTAPU,-37.859889,175.4545,,,NZ,VFR
VRP,,HAVELOCK NORTH,-39.670194,176.877139,,,NZ,VFR
VRP,,HAYWARDS,-41.149667,174.981278,,,NZ,VFR
VRP,,HEAD OF LAKE TEKAPO,-43.782222,170.539833,,,NZ,VFR
VRP,,HEAD OF THE BUSH,-43.84,170.016222,,,NZ,VFR
VRP,,HEAD OF THE GLADSTONE,-44.068111,169.964194,,,NZ,VFR
VRP,,HEAD OF THE IRISHMAN,-43.992111,170.049889,,,NZ,VFR
VRP,,HEDGEHOPE,-46.206444,168.548111,,,NZ,VFR
VRP,,HELENSVILLE,-36.673694,174.450056,,,NZ,VFR
VRP,,HENLEY TOWN,-45.980806,170.164194,,,NZ,VFR
VRP,,HIDDEN FALLS,-44.6305,168.122639,,,NZ,VFR
VRP,,HIDDEN ISLAND,-45.070028,168.648111,,,NZ,VFR
VRP,,HIDDEN LAKES,-45.373778,167.676528,,,NZ,VFR
VRP,,HIGH ROCK,-46.776583,167.684556,,,NZ,VFR
VRP,,HIMATANGI BEACH,-40.373278,175.227944,,,NZ,VFR
VRP,,HINEHOPU,-38.038889,176.488611,,,NZ,VFR
VRP,,HINGAIA BRIDGE,-37.086222,174.907556,,,NZ,VFR
VRP,,HINUERA,-37.882111,175.76,,,NZ,VFR
VRP,,HIWINUI,-40.270833,175.702222,,,NZ,VFR
VRP,,HOCHSTETTER,-43.590833,170.185083,,,NZ,VFR
VRP,,HOKIO BEACH,-40.594861,175.190333,,,NZ,VFR
VRP,,HOLE IN THE ROCK,-35.16475,174.341139,,,NZ,VFR
VRP,,HOLLYFORD STRIP,-44.737111,168.132778,,,NZ,VFR
VRP,,HOMER,-44.764472,167.983111,,,NZ,VFR
VRP,,HOOKER BRIDGE,-43.740556,170.127861,,,NZ,VFR
VRP,,HOROTIU,-37.698656,175.195747,,,NZ,VFR
VRP,,HOROTO,-38.809917,177.761889,,,NZ,VFR
VRP,,HORSESHOE BAY,-46.877611,168.126611,,,NZ,VFR
VRP,,HOTEL DU VIN,-37.190028,175.147056,,,NZ,VFR
VRP,,HOWICK,-36.878194,174.924917,,,NZ,VFR
VRP,,HUKA FALLS,-38.649333,176.089361,,,NZ,VFR
VRP,,HUNTERS CREEK,-37.609472,176.10725,,,NZ,VFR
VRP,,HUNTERVILLE,-39.936583,175.569139,,,NZ,VFR
VRP,,HUNTLY,-37.561944,175.158472,,,NZ,VFR
VRP,,HUNUA,-37.078417,175.070778,,,NZ,VFR
VRP,,IRISHMAN CREEK STATION,-44.069444,170.344167,,,NZ,VFR
VRP,,ISLAND BAY,-41.349667,174.772944,,,NZ,VFR
VRP,,JACKETTS ISLAND,-41.148278,173.029861,,,NZ,VFR
VRP,,JANE PEAK,-45.327528,168.323111,,,NZ,VFR
VRP,,JARDINES,-45.088639,168.734778,,,NZ,VFR
VRP,,JARVIS,-43.733889,172.510667,,,NZ,VFR
VRP,,JELLIE PARK,-43.508917,172.580944,,,NZ,VFR
VRP,,JENKINS HILL,-41.331333,173.279583,,,NZ,VFR
VRP,,JOLLIE RIVER MOUTH,-43.854889,170.183528,,,NZ,VFR
VRP,,KAHAROA,-37.993778,176.237139,,,NZ,VFR
VRP,,KAI IWI,-39.847417,174.925722,,,NZ,VFR
VRP,,KAI IWI BEACH,-39.886361,174.900325,,,NZ,VFR
VRP,,KAINGAROA,-38.4085,176.565694,,,NZ,VFR
VRP,,KAIPO SADDLE,-44.451056,167.990333,,,NZ,VFR
VRP,,KAITUNA BRIDGE,-37.746333,176.354306,,,NZ,VFR
VRP,,KAITUNA BRIDGE,-41.478444,173.812333,,,NZ,VFR
VRP,,KARAKA,-37.077083,174.92825,,,NZ,VFR
VRP,,KARANGAHAPE,-38.795194,175.800472,,,NZ,VFR
VRP,,KAREWA ISLAND,-37.529667,176.131806,,,NZ,VFR
VRP,,KARIOI AERODROME,-39.474917,175.556861,,,NZ,VFR
VRP,,KARORI ROCK,-41.343833,174.651833,,,NZ,VFR
VRP,,KATIKATI,-37.552111,175.922972,,,NZ,VFR
VRP,,KAWAHA POINT,-38.105278,176.246389,,,NZ,VFR
VRP,,KAWAKAWA BAY,-36.948167,175.169222,,,NZ,VFR
VRP,,KAWERAU VILLAGE,-38.086,176.709639,,,NZ,VFR
VRP,,KAY CREEK,-44.848306,168.226806,,,NZ,VFR
VRP,,KELLANDS PONDS,-44.298361,170.06675,,,NZ,VFR
VRP,,KENNINGTON,-46.392333,168.446611,,,NZ,VFR
VRP,,KETETAHI HOT SPRINGS,-39.107139,175.648528,,,NZ,VFR
VRP,,KEW,-46.436889,168.356472,,,NZ,VFR
VRP,,KIHIKIHI,-38.038917,175.34525,,,NZ,VFR
VRP,,KILLERMONT STATION,-44.5155,169.801278,,,NZ,VFR
VRP,,KINA,-41.183278,173.064306,,,NZ,VFR
VRP,,KINGSEAT,-37.130222,174.800139,,,NZ,VFR
VRP,,KINLOCH,-38.6635,175.920194,,,NZ,VFR
VRP,,KIRWEE,-43.499722,172.214278,,,NZ,VFR
VRP,,KNOBS FLAT,-44.977528,168.017556,,,NZ,VFR
VRP,,KOPEKA,-47.137778,167.939167,,,NZ,VFR
VRP,,LAKE ALEXANDRINA,-43.906944,170.450083,,,NZ,VFR
VRP,,LAKE DISPUTE,-45.052611,168.545889,,,NZ,VFR
VRP,,LAKE GUNN,-44.891667,168.079306,,,NZ,VFR
VRP,,LAKE HAYES,-44.968083,168.811972,,,NZ,VFR
VRP,,LAKE ICEBERG,-44.818417,167.876472,,,NZ,VFR
VRP,,LAKE LUNA,-44.946139,168.490611,,,NZ,VFR
VRP,,LAKE MORETON,-44.692528,167.735806,,,NZ,VFR
VRP,,LAKE POUKAWA,-39.781583,176.700194,,,NZ,VFR
VRP,,LAKE PUPUKE,-36.780694,174.765944,,,NZ,VFR
VRP,,LAKE ROTOAIRA,-39.064917,175.716861,,,NZ,VFR
VRP,,LAKE ROTOKAWA,-38.631556,176.187139,,,NZ,VFR
VRP,,LAKE ROTOKAWAU,-38.069167,176.3725,,,NZ,VFR
VRP,,LAKE SYLVAN,-44.704694,168.319083,,,NZ,VFR
VRP,,LAKE WAIKARE,-37.435583,175.199,,,NZ,VFR
VRP,,LAKE WESTMERE,-39.895022,174.999125,,,NZ,VFR
VRP,,LAKE WOMBAT,-43.402222,170.167306,,,NZ,VFR
VRP,,LANDFILL,-43.464972,172.711361,,,NZ,VFR
VRP,,LANDSLIP CREEK,-43.929722,170.197306,,,NZ,VFR
VRP,,LEE BAY,-46.862861,168.12325,,,NZ,VFR
VRP,,LEE STREAM,-45.8,170.127778,,,NZ,VFR
VRP,,LEPPERTON,-39.060194,174.210722,,,NZ,VFR
VRP,,LEVIN,-40.621694,175.286667,,,NZ,VFR
VRP,,LIEBIG DOME,-43.653333,170.316667,,,NZ,VFR
VRP,,LILYBANK,-43.705556,170.562333,,,NZ,VFR
VRP,,LINCOLN,-43.641667,172.470389,,,NZ,VFR
VRP,,LITTLE HELLFIRE BEACH,-46.865333,167.757167,,,NZ,VFR
VRP,,LOCHEND,-43.797611,172.338611,,,NZ,VFR
VRP,,LONGBURN,-40.384611,175.540889,,,NZ,VFR
VRP,,LOOKOUT HILL,-35.77475,174.295028,,,NZ,VFR
VRP,,LOOKOUT POINT,-45.896389,170.4625,,,NZ,VFR
VRP,,LOWER TAMA LAKE,-39.20075,175.607694,,,NZ,VFR
VRP,,LPG TERMINAL,-37.036811,174.828142,,,NZ,VFR
VRP,,LUNCHEON ROCK,-43.461667,170.17925,,,NZ,VFR
VRP,,LYTTELTON,-43.606667,172.720139,,,NZ,VFR
VRP,,MACETOWN,-44.867972,168.823889,,,NZ,VFR
VRP,,MAIRANGI LAKE,-43.330556,172.499167,,,NZ,VFR
VRP,,MAITAI SADDLE,-41.305222,173.418194,,,NZ,VFR
VRP,,MAKARA PEAK,-41.289,174.706944,,,NZ,VFR
VRP,,MAKAREWA,-46.328944,168.347556,,,NZ,VFR
VRP,,MAKETU,-37.753778,176.454639,,,NZ,VFR
VRP,,MAKORORI,-38.650194,178.125778,,,NZ,VFR
VRP,,MALTE BRUN CORNER,-43.635,170.22175,,,NZ,VFR
VRP,,MAMAKU,-38.095722,176.07825,,,NZ,VFR
VRP,,MANA ISLAND,-41.078556,174.781,,,NZ,VFR
VRP,,MANAWARU,-37.63475,175.766306,,,NZ,VFR
VRP,,MANAWATU RIVER MOUTH,-40.476917,175.215306,,,NZ,VFR
VRP,,MANDEVILLE,-43.379278,172.534556,,,NZ,VFR
VRP,,MANFEILD,-40.241889,175.561833,,,NZ,VFR
VRP,,MANGAWHAI HEADS,-36.089861,174.583528,,,NZ,VFR
VRP,,MANGERE BRIDGE,-36.934028,174.788472,,,NZ,VFR
VRP,,MANGERE TOWN,-36.970139,174.79825,,,NZ,VFR
VRP,,MANUKAU HEADS,-37.055417,174.522667,,,NZ,VFR
VRP,,MANUTUKE,-38.678528,177.911333,,,NZ,VFR
VRP,,MAPUA,-41.256611,173.100139,,,NZ,VFR
VRP,,MARAEKAKAHO,-39.650472,176.624361,,,NZ,VFR
VRP,,MARAMARUA,-37.253139,175.234944,,,NZ,VFR
VRP,,MARTINS BAY,-44.366111,168.015889,,,NZ,VFR
VRP,,MARTON,-40.083833,175.388944,,,NZ,VFR
VRP,,MARTON RESERVOIR,-39.996222,175.390944,,,NZ,VFR
VRP,,MASON BAY,-46.922444,167.76625,,,NZ,VFR
VRP,,MATAI DAM,-41.294056,173.375361,,,NZ,VFR
VRP,,MATANGI,-37.803611,175.395556,,,NZ,VFR
VRP,,MATUKITUKI RIVER MOUTH,-44.630444,169.014389,,,NZ,VFR
VRP,,MAUNGATUROTO,-36.114861,174.350167,,,NZ,VFR
VRP,,MCKERROW ISLAND,-44.517806,168.063111,,,NZ,VFR
VRP,,MCLAUGHLINS MOUNTAIN,-37.013083,174.845639,,,NZ,VFR
VRP,,MEREMERE,-37.325806,175.06675,,,NZ,VFR
VRP,,MILTON,-46.116694,169.964056,,,NZ,VFR
VRP,,MINERS,-43.503944,172.443972,,,NZ,VFR
VRP,,MISSION BAY,-38.905194,175.929361,,,NZ,VFR
VRP,,MOHAKA RIVER MOUTH,-39.125472,177.191861,,,NZ,VFR
VRP,,MOKE LAKE,-45.000306,168.567556,,,NZ,VFR
VRP,,MOKOIA ISLAND,-38.080556,176.285833,,,NZ,VFR
VRP,,MOLESWORTH STATION,-42.085111,173.260889,,,NZ,VFR
VRP,,MONKEY FLAT,-44.786694,168.016722,,,NZ,VFR
VRP,,MOONLIGHT,-44.96375,168.650889,,,NZ,VFR
VRP,,MORRINSVILLE,-37.658,175.527861,,,NZ,VFR
VRP,,MOTUEKA,-41.110222,173.011806,,,NZ,VFR
VRP,,MOTUNAU ISLAND,-43.061667,173.074306,,,NZ,VFR
VRP,,MOTUTAIKO ISLAND,-38.853806,175.942694,,,NZ,VFR
VRP,,MOUNT ALFRED,-44.757528,168.361167,,,NZ,VFR
VRP,,MOUNT ANGLEM,-46.740389,167.91625,,,NZ,VFR
VRP,,MOUNT ASPIRING HOMESTEAD,-44.495306,168.836528,,,NZ,VFR
VRP,,MOUNT BALDY,-37.729917,176.239583,,,NZ,VFR
VRP,,MOUNT BARKER,-44.731694,169.178,,,NZ,VFR
VRP,,MOUNT CLIMIE,-41.150389,175.143417,,,NZ,VFR
VRP,,MOUNT D'ARCHIAC,-43.465,170.5815,,,NZ,VFR
VRP,,MOUNT EARNSLAW,-44.622528,168.410611,,,NZ,VFR
VRP,,MOUNT GLENMARY,-43.976417,169.878139,,,NZ,VFR
VRP,,MOUNT HARBOUR ENTRANCE,-37.6335,176.16325,,,NZ,VFR
VRP,,MOUNT HECTOR,-40.951778,175.282167,,,NZ,VFR
VRP,,MOUNT HYDE,-45.790333,170.288139,,,NZ,VFR
VRP,,MOUNT JOSEPH,-43.86,170.371111,,,NZ,VFR
VRP,,MOUNT LARKINS,-44.879167,168.492,,,NZ,VFR
VRP,,MOUNT NIC STATION,-45.094361,168.427389,,,NZ,VFR
VRP,,MOUNT RURU,-37.7905,175.561861,,,NZ,VFR
VRP,,MOUNT STUART WINDFARM,-46.053611,169.775,,,NZ,VFR
VRP,,MOUNT TARAWERA,-38.223222,176.518528,,,NZ,VFR
VRP,,MOUNT TAUHARA,-38.693972,176.163333,,,NZ,VFR
VRP,,MOUNT THOMPSON,-40.762722,175.251,,,NZ,VFR
VRP,,MOUNT TUTOKO,-44.594528,168.012417,,,NZ,VFR
VRP,,MOUNT WAINUI,-41.01275,174.978444,,,NZ,VFR
VRP,,MOUTH OF THE DUNCAN,-44.067833,170.067028,,,NZ,VFR
VRP,,MOUTH OF THE GORILLA,-43.745889,170.17075,,,NZ,VFR
VRP,,MT POSEIDON,-44.6665,167.779722,,,NZ,VFR
VRP,,MT RAKEAHUA,-46.943056,167.880278,,,NZ,VFR
VRP,,MUELLER HUT,-43.715,170.062583,,,NZ,VFR
VRP,,MURCHISON CORNER,-43.67,170.21675,,,NZ,VFR
VRP,,MURCHISON TERMINAL,-43.6125,170.312028,,,NZ,VFR
VRP,,MURIWAI,-38.752972,177.926056,,,NZ,VFR
VRP,,MURRAY BEACH,-46.787111,168.001806,,,NZ,VFR
VRP,,MUSICK POINT,-36.846528,174.901861,,,NZ,VFR
VRP,,MYSTERY CREEK,-37.872667,175.352417,,,NZ,VFR
VRP,,NESS VALLEY,-36.994317,175.125633,,,NZ,VFR
VRP,,NGAHINAPOURI,-37.8972,175.205631,,,NZ,VFR
VRP,,NGAKURU,-38.321,176.19325,,,NZ,VFR
VRP,,NGATEA,-37.276111,175.494639,,,NZ,VFR
VRP,,NGONGOTAHA,-38.079583,176.213694,,,NZ,VFR
VRP,,NORTH BEACH,-46.391944,168.196556,,,NZ,VFR
VRP,,NORTH BRANCH GODLEY,-43.601667,170.514833,,,NZ,VFR
VRP,,NORTH HEAD,-36.829083,174.812972,,,NZ,VFR
VRP,,NORTHERN GAP,-45.774472,170.449278,,,NZ,VFR
VRP,,NORTHLANDS MALL,-43.492333,172.609806,,,NZ,VFR
VRP,,NUHAKA,-39.046583,177.739389,,,NZ,VFR
VRP,,NUNS VEIL,-43.69,170.247306,,,NZ,VFR
VRP,,OAKURA,-39.120194,173.954611,,,NZ,VFR
VRP,,OBSERVATORY,-41.284361,174.766972,,,NZ,VFR
VRP,,OHAKUNE,-39.411083,175.407972,,,NZ,VFR
VRP,,OHAU POINT,-41.238556,174.645444,,,NZ,VFR
VRP,,OHAU TURNOFF,-44.354333,170.008167,,,NZ,VFR
VRP,,OHAUPO,-37.919361,175.3075,,,NZ,VFR
VRP,,OKARAMIO,-41.418417,173.759611,,,NZ,VFR
VRP,,OKURA RIVER MOUTH,-36.660722,174.743806,,,NZ,VFR
VRP,,OMAUI ISLAND,-46.51525,168.219556,,,NZ,VFR
VRP,,OMOEROA SADDLE,-43.4075,170.112028,,,NZ,VFR
VRP,,OMOKOROA,-37.632111,176.053528,,,NZ,VFR
VRP,,ONE TREE HILL,-36.900083,174.783083,,,NZ,VFR
VRP,,ONE TREE POINT,-35.818194,174.45375,,,NZ,VFR
VRP,,ORETI JUNCTION,-46.363861,168.254361,,,NZ,VFR
VRP,,OREWA,-36.600083,174.697111,,,NZ,VFR
VRP,,ORMOND,-38.554917,177.922167,,,NZ,VFR
VRP,,OTAKI BEACH,-40.739528,175.116306,,,NZ,VFR
VRP,,OUTRAM,-45.857556,170.225917,,,NZ,VFR
VRP,,OXIDATION PONDS,-37.695056,176.231556,,,NZ,VFR
VRP,,PAEKAKARIKI,-40.982806,174.955417,,,NZ,VFR
VRP,,PAEROA,-37.378,175.67,,,NZ,VFR
VRP,,PAHIATUA,-40.453417,175.840806,,,NZ,VFR
VRP,,PAIHIA WATERFRONT,-35.281,174.0925,,,NZ,VFR
VRP,,PAKURANGA TOWN,-36.91125,174.869361,,,NZ,VFR
VRP,,PALMERSTON,-45.485222,170.714583,,,NZ,VFR
VRP,,PANMURE,-36.91225,174.858333,,,NZ,VFR
VRP,,PAPAKURA,-37.067639,174.947139,,,NZ,VFR
VRP,,PAPANUI JUNCTION,-39.677139,175.5485,,,NZ,VFR
VRP,,PAREMATA,-41.103306,174.869861,,,NZ,VFR
VRP,,PATOKA,-39.346583,176.604639,,,NZ,VFR
VRP,,PATUTAHI,-38.626306,177.891333,,,NZ,VFR
VRP,,PEKAPEKA PONDS,-40.848861,175.048861,,,NZ,VFR
VRP,,PEMBROKE JUNCTION,-44.579444,167.91575,,,NZ,VFR
VRP,,PENCARROW,-41.359667,174.848778,,,NZ,VFR
VRP,,PEPIN ISLAND,-41.142444,173.425694,,,NZ,VFR
VRP,,PETONE WHARF,-41.228833,174.870444,,,NZ,VFR
VRP,,PIG ISLAND,-44.943917,168.406722,,,NZ,VFR
VRP,,PINNACLE,-40.882528,175.474056,,,NZ,VFR
VRP,,PIONEER HUT,-43.530556,170.182028,,,NZ,VFR
VRP,,PIPINUI POINT,-41.173278,174.739056,,,NZ,VFR
VRP,,PIRONGIA,-37.990778,175.206722,,,NZ,VFR
VRP,,POHOWAITAI ISLAND,-47.222472,167.325167,,,NZ,VFR
VRP,,POINT CHEVALIER,-36.851111,174.703528,,,NZ,VFR
VRP,,POINT GORDON,-41.295778,174.836556,,,NZ,VFR
VRP,,POINT HOWARD,-41.256333,174.899611,,,NZ,VFR
VRP,,POND,-43.440944,172.437833,,,NZ,VFR
VRP,,PONDS,-41.535417,174.042722,,,NZ,VFR
VRP,,PORAITI,-39.492833,176.839167,,,NZ,VFR
VRP,,PORT CHALMERS,-45.813667,170.629528,,,NZ,VFR
VRP,,PORT PEGASUS,-47.210389,167.668972,,,NZ,VFR
VRP,,PORTLAND,-35.806389,174.332778,,,NZ,VFR
VRP,,POWER STATION,-45.521139,167.276694,,,NZ,VFR
VRP,,PRISON,-39.982853,175.0944,,,NZ,VFR
VRP,,PUKAKI DOWNS,-44.157222,170.114528,,,NZ,VFR
VRP,,PUKAKI SPILLWAY,-44.188333,170.13675,,,NZ,VFR
VRP,,PUKEPOTO,-38.136944,176.356417,,,NZ,VFR
VRP,,PUKERUA BAY,-41.028278,174.886556,,,NZ,VFR
VRP,,PUKETAPU,-39.511861,176.78825,,,NZ,VFR
VRP,,PUKETONA QUARRY,-35.300833,173.984444,,,NZ,VFR
VRP,,PUKETUTU ISLAND,-36.964028,174.741556,,,NZ,VFR
VRP,,PYLONS,-43.437444,172.500833,,,NZ,VFR
VRP,,QUARRY LAKE,-37.268611,175.166528,,,NZ,VFR
VRP,,QUARTZ KNOLL,-44.960417,168.994389,,,NZ,VFR
VRP,,QUEENSBERRY,-44.829806,169.332972,,,NZ,VFR
VRP,,QUEENSTOWN HILL,-44.996833,168.701861,,,NZ,VFR
VRP,,RABBIT ISLAND BRIDGE,-41.284111,173.132083,,,NZ,VFR
VRP,,RACECOURSE,-37.732111,176.122139,,,NZ,VFR
VRP,,RACECOURSE,-41.334667,173.180694,,,NZ,VFR
VRP,,RAETIHI,-39.427722,175.281917,,,NZ,VFR
VRP,,RAINBOW SKIFIELD,-41.874833,172.860778,,,NZ,VFR
VRP,,RANGATIRA POINT,-38.738222,176.016861,,,NZ,VFR
VRP,,RANGIOTU,-40.422583,175.444861,,,NZ,VFR
VRP,,RARANGI,-41.391889,174.046833,,,NZ,VFR
VRP,,RAT POINT,-45.075194,168.461917,,,NZ,VFR
VRP,,RAUMAI,-40.195472,175.219056,,,NZ,VFR
VRP,,RED HILL,-37.067222,174.9825,,,NZ,VFR
VRP,,REDWOODS VALLEY,-41.301056,173.074861,,,NZ,VFR
VRP,,RHOBORO DOWNS,-44.19,170.086194,,,NZ,VFR
VRP,,RICCARTON RACECOURSE,-43.527778,172.545,,,NZ,VFR
VRP,,RICHARDSON GLACIER,-43.798333,169.96675,,,NZ,VFR
VRP,,RICHMOND STATION,-43.881667,170.552056,,,NZ,VFR
VRP,,RIDGEMOUNT BLUFF,-39.212111,177.036472,,,NZ,VFR
VRP,,RISSINGTON,-39.439167,176.717889,,,NZ,VFR
VRP,,RIVER JUNCTION,-43.263833,172.466444,,,NZ,VFR
VRP,,RIVERTON,-46.354222,168.010611,,,NZ,VFR
VRP,,ROARING MEG,-45.000306,169.070361,,,NZ,VFR
VRP,,ROTTEN TOMMY,-43.798333,170.148694,,,NZ,VFR
VRP,,ROUND HILL,-43.844667,170.091556,,,NZ,VFR
VRP,,RUAHIHI,-37.777389,176.054917,,,NZ,VFR
VRP,,RUGGED ISLANDS,-46.702694,167.715083,,,NZ,VFR
VRP,,RUKUHIA,-37.852111,175.30575,,,NZ,VFR
VRP,,RUNUNDER POINT,-41.319111,174.237944,,,NZ,VFR
VRP,,SANDFLY HILL,-38.735722,176.127417,,,NZ,VFR
VRP,,SANDY POINT,-46.494528,168.306167,,,NZ,VFR
VRP,,SAWMILL,-41.344389,173.080139,,,NZ,VFR
VRP,,SCOTSMANS VALLEY,-37.776256,175.484969,,,NZ,VFR
VRP,,SEAGROVE,-37.094583,174.779889,,,NZ,VFR
VRP,,SEAPORT,-39.477417,176.92325,,,NZ,VFR
VRP,,SEDDON,-41.67275,174.074333,,,NZ,VFR
VRP,,SEFTON CHIPMILL,-43.266111,172.625139,,,NZ,VFR
VRP,,SELWYN HUTS,-43.74,172.441778,,,NZ,VFR
VRP,,SHALLOW BAY,-45.493306,167.612389,,,NZ,VFR
VRP,,SHORELINE,-45.068583,168.721556,,,NZ,VFR
VRP,,SHOWGROUNDS,-37.775972,175.289139,,,NZ,VFR
VRP,,SINCLAIR HEAD,-41.362167,174.716,,,NZ,VFR
VRP,,SKI CLUB,-46.464611,168.269,,,NZ,VFR
VRP,,SKIPPERS BRIDGE,-44.844194,168.686167,,,NZ,VFR
VRP,,SKIPPERS SADDLE,-44.940778,168.705639,,,NZ,VFR
VRP,,SMOKY BEACH,-46.701111,167.844333,,,NZ,VFR
VRP,,SOHO RIVER,-44.907528,168.875361,,,NZ,VFR
VRP,,SOMES,-41.259083,174.866167,,,NZ,VFR
VRP,,SOUTH CAPE,-47.290194,167.537417,,,NZ,VFR
VRP,,SOUTH MAVORA LAKE,-45.317528,168.178389,,,NZ,VFR
VRP,,SOUTH WEST CAPE,-47.283028,167.465917,,,NZ,VFR
VRP,,SOUTHBROOK,-43.325278,172.599028,,,NZ,VFR
VRP,,SOUTHERN DAM,-38.890444,176.092806,,,NZ,VFR
VRP,,SOUTHSHORE PENINSULA,-43.561667,172.750139,,,NZ,VFR
VRP,,SPENCER PARK,-43.429167,172.707083,,,NZ,VFR
VRP,,SPORTS GROUND,-37.714444,176.307389,,,NZ,VFR
VRP,,SPRING CREEK,-41.4605,173.962583,,,NZ,VFR
VRP,,SPRINGBANK,-43.309,172.438222,,,NZ,VFR
VRP,,SPRINGSTON,-43.643611,172.4265,,,NZ,VFR
VRP,,ST ANNE POINT,-44.572806,167.781722,,,NZ,VFR
VRP,,ST HELIERS,-36.843194,174.864083,,,NZ,VFR
VRP,,ST PETERS SCHOOL,-37.888903,175.432072,,,NZ,VFR
VRP,,STREAM,-45.120028,168.489639,,,NZ,VFR
VRP,,SUGAR LOAF ISLAND,-39.048806,174.027389,,,NZ,VFR
VRP,,SUGARLOAF,-43.603333,172.649583,,,NZ,VFR
VRP,,SUNSHINE BAY,-45.050028,168.621722,,,NZ,VFR
VRP,,SWANNANOA,-43.396861,172.469694,,,NZ,VFR
VRP,,TAI TAPU,-43.660278,172.547889,,,NZ,VFR
VRP,,TAIERI MOUTH,-46.054167,170.203333,,,NZ,VFR
VRP,,TAIHAPE,-39.676667,175.7985,,,NZ,VFR
VRP,,TAIHIKI RIVER ESTUARY,-37.165417,174.791278,,,NZ,VFR
VRP,,TANGIMOANA,-40.296139,175.247806,,,NZ,VFR
VRP,,TAPAWERA,-41.387389,172.823333,,,NZ,VFR
VRP,,TAPEKA POINT,-35.241889,174.119694,,,NZ,VFR
VRP,,TAPU,-36.982917,175.501778,,,NZ,VFR
VRP,,TARRAS,-44.83725,169.410861,,,NZ,VFR
VRP,,TASMAN DOWNS,-44.011667,170.195917,,,NZ,VFR
VRP,,TASMAN TERMINAL,-43.706944,170.180361,,,NZ,VFR
VRP,,TATARE RANGE,-43.408333,170.333139,,,NZ,VFR
VRP,,TAYLOR DAM,-41.572861,173.931833,,,NZ,VFR
VRP,,TAYLOR PASS,-41.630472,173.963556,,,NZ,VFR
VRP,,TE ANAU DOWNS,-45.185028,167.828389,,,NZ,VFR
VRP,,TE ARAKURA,-40.279028,175.554417,,,NZ,VFR
VRP,,TE ATATU,-36.824861,174.649333,,,NZ,VFR
VRP,,TE AWAMUTU,-38.010028,175.325889,,,NZ,VFR
VRP,,TE KARAKA,-38.471278,177.875167,,,NZ,VFR
VRP,,TE MARUA,-41.093389,175.129278,,,NZ,VFR
VRP,,TE POHUE,-39.250194,176.682417,,,NZ,VFR
VRP,,TE POI,-37.872611,175.842556,,,NZ,VFR
VRP,,TE PUKE,-37.779333,176.316861,,,NZ,VFR
VRP,,TE PUNA,-37.695861,176.072861,,,NZ,VFR
VRP,,TE RAPA,-37.764889,175.244083,,,NZ,VFR
VRP,,TEKAPO B,-44.123611,170.213972,,,NZ,VFR
VRP,,TEKAPO ISLAND,-43.938611,170.521389,,,NZ,VFR
VRP,,TEKAPO SADDLE,-43.968889,170.642222,,,NZ,VFR
VRP,,TEKAPO SKIFIELD,-43.818389,170.661444,,,NZ,VFR
VRP,,TEMPLE VIEW,-37.821194,175.226667,,,NZ,VFR
VRP,,TERAWHITI,-41.2955,174.618222,,,NZ,VFR
VRP,,THE DAMS,-38.865472,177.775778,,,NZ,VFR
VRP,,THE DIVERSION,-41.440222,174.029333,,,NZ,VFR
VRP,,THE LAKE,-38.59825,177.873833,,,NZ,VFR
VRP,,THE MILL,-38.668528,177.953833,,,NZ,VFR
VRP,,THE NED,-41.643667,173.921111,,,NZ,VFR
VRP,,THE OLD WORKS,-38.522389,177.898,,,NZ,VFR
VRP,,THE PIER,-43.509694,172.731861,,,NZ,VFR
VRP,,THE PONDS,-40.993056,175.683333,,,NZ,VFR
VRP,,THE RIDGE,-41.536417,173.871361,,,NZ,VFR
VRP,,THE ROUNDABOUT,-38.6525,177.91525,,,NZ,VFR
VRP,,THE TRIG,-38.596139,177.988333,,,NZ,VFR
VRP,,THORNBURY,-46.288722,168.095111,,,NZ,VFR
VRP,,TIKORANGI,-39.033806,174.279889,,,NZ,VFR
VRP,,TIMARU RIVER MOUTH,-44.540194,169.31375,,,NZ,VFR
VRP,,TIMBER MILL,-40.967472,175.602694,,,NZ,VFR
VRP,,TIN RANGE,-47.085833,167.801111,,,NZ,VFR
VRP,,TIRAU,-37.98,175.76,,,NZ,VFR
VRP,,TOKO MOUTH,-46.219167,170.047778,,,NZ,VFR
VRP,,TOKOMARU,-40.474722,175.509778,,,NZ,VFR
VRP,,TOKOROA,-38.236556,175.891861,,,NZ,VFR
VRP,,TOLLGATE,-45.040861,168.755389,,,NZ,VFR
VRP,,TRANSIT BEACH,-44.592583,167.745639,,,NZ,VFR
VRP,,TREBLE CONE SKI FIELD,-44.633222,168.895639,,,NZ,VFR
VRP,,TUAMARINA BRIDGE,-41.439556,173.965,,,NZ,VFR
VRP,,TUCKER BEACH,-44.983333,168.75,,,NZ,VFR
VRP,,TUNNEL,-37.699056,175.845472,,,NZ,VFR
VRP,,TURAKIRAE,-41.438278,174.917667,,,NZ,VFR
VRP,,TUTIRA,-39.224139,176.892972,,,NZ,VFR
VRP,,TUTOKO FLATS,-44.64025,167.98975,,,NZ,VFR
VRP,,UNIVERSITY,-40.385333,175.618472,,,NZ,VFR
VRP,,UPPER MOUTERE,-41.270389,173.006361,,,NZ,VFR
VRP,,UPPER TAMA LAKE,-39.18575,175.621583,,,NZ,VFR
VRP,,URENUI,-38.997417,174.390167,,,NZ,VFR
VRP,,VICTORIA,-45.05225,169.03475,,,NZ,VFR
VRP,,VICTORIA FLAT,-43.501667,170.078417,,,NZ,VFR
VRP,,WAIHOLA,-46.025861,170.104278,,,NZ,VFR
VRP,,WAIHOPAI BRIDGE,-41.527722,173.733472,,,NZ,VFR
VRP,,WAIMAIRI,-43.485833,172.723889,,,NZ,VFR
VRP,,WAIMATA,-38.5085,178.044944,,,NZ,VFR
VRP,,WAIMATUA,-46.451194,168.458639,,,NZ,VFR
VRP,,WAIMAUKU,-36.762917,174.492111,,,NZ,VFR
VRP,,WAINUI,-38.68825,178.071889,,,NZ,VFR
VRP,,WAIOHIKI,-39.550222,176.857556,,,NZ,VFR
VRP,,WAIPA SAWMILL,-38.1795,176.266917,,,NZ,VFR
VRP,,WAIPAOA RIVER MOUTH,-38.713528,177.941611,,,NZ,VFR
VRP,,WAIPATIKI BEACH,-39.301028,176.976583,,,NZ,VFR
VRP,,WAIPORI FALLS,-45.905056,169.986194,,,NZ,VFR
VRP,,WAIRAKEI,-38.626556,176.105472,,,NZ,VFR
VRP,,WAIRANGO,-38.889361,176.260472,,,NZ,VFR
VRP,,WAIRAU BAR,-41.499944,174.062278,,,NZ,VFR
VRP,,WAIROA RIVER MOUTH,-36.954167,175.075,,,NZ,VFR
VRP,,WAITAHUNA,-45.987,169.756194,,,NZ,VFR
VRP,,WAITAKERE,-36.899028,174.529889,,,NZ,VFR
VRP,,WAITARA VALLEY PLANT,-39.027,174.249028,,,NZ,VFR
VRP,,WAITATI,-45.745889,170.579528,,,NZ,VFR
VRP,,WAITOA,-37.598528,175.631722,,,NZ,VFR
VRP,,WAKEFIELD,-41.405222,173.045972,,,NZ,VFR
VRP,,WALLACETOWN,-46.329222,168.290333,,,NZ,VFR
VRP,,WALTER PEAK,-45.111417,168.543111,,,NZ,VFR
VRP,,WARD ISLAND,-41.293833,174.871556,,,NZ,VFR
VRP,,WARKWORTH,-36.400583,174.663694,,,NZ,VFR
VRP,,WATCHTOWER,-43.424722,172.322889,,,NZ,VFR
VRP,,WATER TOWER,-39.926586,175.069228,,,NZ,VFR
VRP,,WATERTANK,-41.547306,173.956556,,,NZ,VFR
VRP,,WATERWORKS,-37.042917,175.022972,,,NZ,VFR
VRP,,WELCOME BAY,-37.724333,176.19075,,,NZ,VFR
VRP,,WELLSFORD,-36.296083,174.523222,,,NZ,VFR
VRP,,WEST JUNCTION,-43.524167,172.369556,,,NZ,VFR
VRP,,WEST RIDGE LA PEROUSE,-43.595833,170.083417,,,NZ,VFR
VRP,,WEST RUGGEDY BEACH,-46.736694,167.720639,,,NZ,VFR
VRP,,WEYMOUTH,-37.048472,174.862139,,,NZ,VFR
VRP,,WHAKAIPO BAY,-38.688222,175.964917,,,NZ,VFR
VRP,,WHAKAPAPA SKIFIELD,-39.241306,175.557139,,,NZ,VFR
VRP,,WHAKAPAPA VILLAGE,-39.20075,175.538806,,,NZ,VFR
VRP,,WHAKAPUNAKI,-38.832694,177.598833,,,NZ,VFR
VRP,,WHANGAEHU RIVER MOUTH,-40.040028,175.098167,,,NZ,VFR
VRP,,WHANGAMATA,-37.214861,175.875194,,,NZ,VFR
VRP,,WHANGAMOA SADDLE,-41.218556,173.435972,,,NZ,VFR
VRP,,WHANGANUI PORT,-39.945256,174.989683,,,NZ,VFR
VRP,,WHIRINAKI,-39.37725,176.887861,,,NZ,VFR
VRP,,WHITE BLUFFS,-41.558028,174.147111,,,NZ,VFR
VRP,,WHITE CLIFFS,-38.822694,176.036861,,,NZ,VFR
VRP,,WHITFORD TOWN,-36.945417,174.963806,,,NZ,VFR
VRP,,WIGRAM,-43.55,172.548056,,,NZ,VFR
VRP,,WILMOT,-44.3935,168.21525,,,NZ,VFR
VRP,,WINDMILL,-41.310778,174.745444,,,NZ,VFR
VRP,,WINTON,-46.139833,168.325889,,,NZ,VFR
VRP,,WOODLANDS,-46.358111,168.556722,,,NZ,VFR
VRP,,WOODSIDE,-45.858611,170.176944,,,NZ,VFR
VRP,,WOODVILLE,-40.337,175.866556,,,NZ,VFR
VRP,,WYE CREEK,-45.13725,168.752556,,,NZ,VFR
VRP,,YALDHURST,-43.513056,172.507333,,,NZ,VFR
VRP,,YATES POINT,-44.496417,167.816167,,,NZ,VFR
